{
    "Random Forest": {
        "MSE": 0.028427199266389067,
        "R2": 0.9720651137920897
    },
    "Gradient Boosting": {
        "MSE": 0.050147717741219636,
        "R2": 0.9507207595247099
    },
    "Linear Regression": {
        "MSE": 0.19659450977355838,
        "R2": 0.8068101887857254
    },
    "Ridge Regression": {
        "MSE": 0.1966793343512354,
        "R2": 0.8067268332323754
    },
    "Lasso Regression": {
        "MSE": 1.0176260520733114,
        "R2": -2.416716584630052e-06
    },
    "SVR": {
        "MSE": 1.0910270086795408,
        "R2": -0.07213218761424511
    },
    "KNN Regressor": {
        "MSE": 0.09319540701820878,
        "R2": 0.9084185865178886
    },
    "Decision Tree": {
        "MSE": 0.08183312773769227,
        "R2": 0.9195840895204658
    }
}